name;competence;willingness
alice;0.6000000000000001;1.0
alice;0.6000000000000001;1.0
alice;1.0;0.85
