name;competence;willingness

thomas;0.5;0.5
Ben;0.49999999999999994;-0.7
Ben2;0.6000000000000001;-0.6999999999999998
Ben3;5.551115123125783e-17;-0.7499999999999998
