name;competence;willingness

thomas;0.5;0.5
Ben;0.5;0.5

Ben;-0.39999999999999997;0.85
Ben;-1.0;0.4999999999999999
