name;competence;willingness
Ben3;5.551115123125783e-17;-0.7499999999999998
