name;competence;willingness
<<<<<<< HEAD
random;0.4014520729650759;0.08052188079379974
=======
Ben3;5.551115123125783e-17;-0.7499999999999998
>>>>>>> trust_Human
