name;competence;willingness
random;0.4014520729650759;0.08052188079379974
