name;competence;willingness
random;-0.33768512195253675;-0.3471203435905075
true;1.0;1.0
false;-1.0;-1.0
